evaluation,id
0.44095131162600804,0_0_0
0.541524459613197,0_0_1
0.19508230034545823,0_0_2
0.6687211093990756,0_0_3
0.16541583703476795,0_0_4
0.2943204500090727,0_0_5
0.31037827352085356,0_0_6
