evaluation,id
0.15384615384615385,ST320005XXXX_5XW01V0Y_0
0.0933852140077821,ST320005XXXX_5XW027X0_0
0.0,ST320005XXXX_6XW0375N_0
0.0933852140077821,ST320005XXXX_6XW0DC6C_0
0.09375,ST320005XXXX_9XW08R5D_0
0.23762376237623764,ST320005XXXX_9XW0AV04_0
