evaluation,id
0.0,WDC WD800JB_WD-WMAM9DJU9637_0
0.0,WDC WD800JB_WD-WMAM9DRH1880_0
0.3243243243243243,WDC WD800JB_WD-WMAM9DRJ9680_0
0.0,WDC WD800JB_WD-WMAM9DRK2424_0
0.1702127659574468,WDC WD800JB_WD-WMAM9DSH9912_0
0.0,WDC WD800JB_WD-WMAM9DSU5450_0
0.0,WDC WD800JB_WD-WMAM9DVT0203_0
