evaluation,id
0.0,WDC WD1600AAJB_WD-WCAS2A628702_0
0.0,WDC WD1600AAJB_WD-WCAV2AA61864_0
0.2285714285714286,WDC WD1600AAJB_WD-WCAV37002708_0
0.0,WDC WD1600AAJB_WD-WCAV3E207943_0
0.0,WDC WD1600AAJB_WD-WMAV3K823369_0
0.4615384615384615,WDC WD1600AAJB_WD-WMAV3K823407_0
