evaluation,id
0.0,ST320005XXXX_5XW01V0Y_0
0.0,ST320005XXXX_5XW027X0_0
0.0,ST320005XXXX_6XW0375N_0
0.0,ST320005XXXX_6XW0DC6C_0
0.05714285714285715,ST320005XXXX_9XW08R5D_0
0.380952380952381,ST320005XXXX_9XW0AV04_0
