evaluation,id
0.04347826086956521,WDC WD800JB_WD-WMAM9DJU9637_0
0.10204081632653061,WDC WD800JB_WD-WMAM9DRH1880_0
0.0,WDC WD800JB_WD-WMAM9DRJ9680_0
0.0,WDC WD800JB_WD-WMAM9DRK2424_0
0.0,WDC WD800JB_WD-WMAM9DSH9912_0
0.07142857142857142,WDC WD800JB_WD-WMAM9DSU5450_0
0.0,WDC WD800JB_WD-WMAM9DVT0203_0
