evaluation,id
0.0,WDC WD1600AAJB_WD-WCAS2A628702_0
0.1935483870967742,WDC WD1600AAJB_WD-WCAV2AA61864_0
0.0,WDC WD1600AAJB_WD-WCAV37002708_0
0.0,WDC WD1600AAJB_WD-WCAV3E207943_0
0.11570247933884299,WDC WD1600AAJB_WD-WMAV3K823369_0
0.15384615384615383,WDC WD1600AAJB_WD-WMAV3K823407_0
