evaluation,id
0.4,WDC WD20EFRX_WD-WCC4M0PT9JCF_0
0.0,WDC WD20EFRX_WD-WCC4M3TTXF1Y_0
0.12903225806451615,WDC WD20EFRX_WD-WCC4M7UYXP88_0
0.1904761904761905,WDC WD20EFRX_WD-WCC4MJPUYLC7_0
0.0,WDC WD20EFRX_WD-WCC4MKDL77ZK_0
0.1714285714285714,WDC WD20EFRX_WD-WMC4M2889366_0
0.057142857142857134,WDC WD20EFRX_WD-WMC4M2889605_0
0.3243243243243243,WDC WD20EFRX_WD-WMC4M2892089_0
0.20689655172413793,WDC WD20EFRX_WD-WMC4M2932382_0
0.0,WDC WD20EFRX_WD-WMC4M2932590_0
0.0,WDC WD20EFRX_WD-WMC4M2932733_0
