evaluation,id
0.0,ST3160318AS_5VML01P0_0
0.0,ST3160318AS_5VY4ZRMA_0
0.0,ST3160318AS_5VY50ALD_0
0.0,ST3160318AS_5VY529VQ_0
0.0,ST3160318AS_6VMDKZS2_0
0.16541353383458646,ST3160318AS_6VMDNNG4_0
0.0,ST3160318AS_6VY16NA1_0
0.14814814814814814,ST3160318AS_6VY9JADG_0
0.0759493670886076,ST3160318AS_6VYA6RMB_0
0.0,ST3160318AS_9VMHY7KX_0
0.41379310344827586,ST3160318AS_9VY8TC9H_0
0.0,ST3160318AS_9VY8TCAV_0
0.0,ST3160318AS_9VY8TCTB_0
0.47058823529411764,ST3160318AS_9VY8VP54_0
0.0,ST3160318AS_9VY8VP6C_0
