evaluation,id
0.0,WDC WD20EFRX_WD-WCC4M0PT9JCF_0
0.0,WDC WD20EFRX_WD-WCC4M3TTXF1Y_0
0.17647058823529413,WDC WD20EFRX_WD-WCC4M7UYXP88_0
0.007722007722007722,WDC WD20EFRX_WD-WCC4MJPUYLC7_0
0.0,WDC WD20EFRX_WD-WCC4MKDL77ZK_0
0.0,WDC WD20EFRX_WD-WMC4M2889366_0
0.0,WDC WD20EFRX_WD-WMC4M2889605_0
0.09401709401709402,WDC WD20EFRX_WD-WMC4M2892089_0
0.0,WDC WD20EFRX_WD-WMC4M2932382_0
0.0,WDC WD20EFRX_WD-WMC4M2932590_0
0.09022556390977444,WDC WD20EFRX_WD-WMC4M2932733_0
