evaluation,id
0.10877310924369749,0_0_7
0.008043158410985778,0_0_8
0.13397750216325355,0_0_9
0.06730310262529833,0_0_11
0.08455361360415684,0_0_13
0.10151782562654431,0_0_14
0.19776962168266518,0_0_15
0.13348024555328192,0_0_16
