evaluation,id
0.07792207792207792,ST320005XXXX_5XW01V0Y_0
0.07766990291262137,ST320005XXXX_5XW027X0_0
0.07766990291262137,ST320005XXXX_6XW0375N_0
0.07766990291262137,ST320005XXXX_6XW0DC6C_0
0.07766990291262137,ST320005XXXX_9XW08R5D_0
0.11822660098522166,ST320005XXXX_9XW0AV04_0
