evaluation,id
0.03333333333333333,WDC WD1600AAJB_WD-WCAS2A628702_0
0.3076923076923077,WDC WD1600AAJB_WD-WCAV2AA61864_0
0.03428571428571429,WDC WD1600AAJB_WD-WCAV37002708_0
0.04743083003952569,WDC WD1600AAJB_WD-WCAV3E207943_0
0.03225806451612903,WDC WD1600AAJB_WD-WMAV3K823369_0
0.032520325203252036,WDC WD1600AAJB_WD-WMAV3K823407_0
