evaluation,id
0.0,0_0_0
0.8023409477062488,0_0_1
0.0,0_0_2
0.6545181691499624,0_0_3
0.05302503843157075,0_0_4
0.4035984461255367,0_0_5
0.0,0_0_6
