evaluation,id
0.0,0_0_0
0.7501777913237836,0_0_1
0.048229600067929014,0_0_2
0.8052636747520376,0_0_3
0.14331002540638982,0_0_4
0.6436363636363636,0_0_5
0.01404315077237329,0_0_6
