evaluation,id
0.3659001397535256,0_0_7
0.6615567036503769,0_0_8
0.5811284586475647,0_0_9
0.7835135686594573,0_0_11
0.6743743597248647,0_0_13
0.5952257931177019,0_0_14
0.7143078592466284,0_0_15
0.7267680272538011,0_0_16
