evaluation,id
0.4449021627188466,0_0_0
0.6570291221454011,0_0_1
0.1961362965653447,0_0_2
0.0,0_0_3
0.20594965675057206,0_0_4
0.0,0_0_5
0.5485366008507396,0_0_6
