evaluation,id
0.3640385526939485,0_0_7
0.7771415306043488,0_0_8
0.503441494591937,0_0_9
0.7693078232996093,0_0_11
0.6528761688863701,0_0_13
0.5192931842769564,0_0_14
0.5452351089760277,0_0_15
0.7080298700101411,0_0_16
