evaluation,id
0.0,0_0_7
0.9400842266462481,0_0_8
0.5063185424496165,0_0_9
0.41418633823697115,0_0_11
0.45206840275313986,0_0_13
0.4998123201401343,0_0_14
0.553092383334771,0_0_15
0.24160192581245213,0_0_16
