evaluation,id
0.0,0_0_7
0.13887611514761336,0_0_8
0.5268573780613295,0_0_9
0.3596491228070176,0_0_11
0.5784273750901734,0_0_13
0.5144851132198625,0_0_14
0.5444392255101508,0_0_15
0.766883927333241,0_0_16
