evaluation,id
0.03609022556390978,WDC WD800JB_WD-WMAM9DJU9637_0
0.05172413793103448,WDC WD800JB_WD-WMAM9DRH1880_0
0.031331592689295036,WDC WD800JB_WD-WMAM9DRJ9680_0
0.0311284046692607,WDC WD800JB_WD-WMAM9DRK2424_0
0.030848329048843184,WDC WD800JB_WD-WMAM9DSH9912_0
0.03548387096774193,WDC WD800JB_WD-WMAM9DSU5450_0
0.03088803088803089,WDC WD800JB_WD-WMAM9DVT0203_0
