evaluation,id
0.03092783505154639,WDC WD1600AAJB_WD-WCAS2A628702_0
0.18045112781954886,WDC WD1600AAJB_WD-WCAV2AA61864_0
0.031788079470198675,WDC WD1600AAJB_WD-WCAV37002708_0
0.0427807486631016,WDC WD1600AAJB_WD-WCAV3E207943_0
0.030037546933667083,WDC WD1600AAJB_WD-WMAV3K823369_0
0.030264817150063055,WDC WD1600AAJB_WD-WMAV3K823407_0
