evaluation,id
0.08622016936104696,0_0_0
0.0,0_0_1
0.13885898815931108,0_0_2
0.0008875083203905036,0_0_3
0.14166955316937996,0_0_4
0.0,0_0_5
0.15665470432204712,0_0_6
