evaluation,id
0.40232828870779974,0_0_0
0.7973733583489682,0_0_1
0.18775669861138275,0_0_2
0.752678804773935,0_0_3
0.1601067378252168,0_0_4
0.7016574585635359,0_0_5
0.2920201439821543,0_0_6
